TEAM_ID,TEAM_NAME,GP,W,L,W_PCT,MIN,E_OFF_RATING,OFF_RATING,E_DEF_RATING,DEF_RATING,E_NET_RATING,NET_RATING,AST_PCT,AST_TO,AST_RATIO,OREB_PCT,DREB_PCT,REB_PCT,TM_TOV_PCT,EFG_PCT,TS_PCT,E_PACE,PACE,PACE_PER40,POSS,PIE,GP_RANK,W_RANK,L_RANK,W_PCT_RANK,MIN_RANK,OFF_RATING_RANK,DEF_RATING_RANK,NET_RATING_RANK,AST_PCT_RANK,AST_TO_RANK,AST_RATIO_RANK,OREB_PCT_RANK,DREB_PCT_RANK,REB_PCT_RANK,TM_TOV_PCT_RANK,EFG_PCT_RANK,TS_PCT_RANK,PACE_RANK,PIE_RANK
1610612737,Atlanta Hawks,82,30,52,0.366,3976.0,100.1,102.0,105.5,107.0,-5.3,-5.1,0.556,1.2,15.3,0.328,0.676,0.499,0.173,0.471,0.523,92.5,90.98,75.82,7533,0.466,1,27,27,27,13,29,23,29,24,28,26,4,28,16,26,30,27,24,26
1610612738,Boston Celtics,82,24,58,0.293,3971.0,100.2,102.3,104.5,105.8,-4.4,-3.5,0.57,1.21,15.6,0.309,0.705,0.502,0.176,0.479,0.53,94.5,92.91,77.42,7680,0.459,1,29,29,29,14,28,18,24,18,27,24,14,12,13,28,27,24,14,28
1610612766,Charlotte Bobcats,82,33,49,0.402,4001.0,100.7,102.4,104.8,106.3,-4.1,-3.9,0.62,1.5,17.1,0.299,0.682,0.485,0.158,0.48,0.524,94.5,93.11,77.6,7758,0.471,1,21,21,21,2,26,19,25,4,7,9,20,21,25,12,25,26,12,24
1610612741,Chicago Bulls,82,49,33,0.598,3956.0,102.5,104.0,97.0,98.8,5.4,5.2,0.601,1.4,17.0,0.319,0.707,0.514,0.168,0.493,0.534,96.0,94.47,78.73,7790,0.539,1,8,8,8,22,20,1,4,9,19,12,10,11,7,24,17,22,8,4
1610612739,Cleveland Cavaliers,82,50,32,0.61,3976.0,102.6,104.4,98.9,100.6,3.7,3.8,0.574,1.45,16.2,0.327,0.721,0.518,0.155,0.484,0.522,93.2,91.59,76.33,7598,0.52,1,7,7,7,8,16,4,7,17,12,17,5,2,5,9,22,29,22,8
1610612742,Dallas Mavericks,82,67,15,0.817,3951.0,108.5,109.7,100.6,102.1,7.9,7.6,0.542,1.43,16.0,0.32,0.719,0.522,0.152,0.509,0.559,91.9,90.68,75.57,7476,0.552,1,1,1,1,27,2,5,2,25,14,20,9,5,3,6,5,3,25,3
1610612743,Denver Nuggets,82,45,37,0.549,3956.0,104.9,106.7,102.7,105.1,2.2,1.7,0.607,1.42,17.1,0.322,0.678,0.502,0.167,0.501,0.548,100.2,98.2,81.84,8093,0.514,1,10,10,10,22,8,12,9,7,17,10,7,26,14,23,12,8,2,9
1610612765,Detroit Pistons,82,53,29,0.646,3976.0,106.2,107.4,101.1,102.6,5.1,4.8,0.601,1.77,17.3,0.307,0.678,0.493,0.137,0.488,0.535,89.7,88.56,73.8,7332,0.533,1,4,4,4,8,6,6,6,10,2,7,15,25,20,1,21,21,30,5
1610612744,Golden State Warriors,82,42,40,0.512,3951.0,104.7,106.2,104.5,106.5,0.2,-0.3,0.598,1.49,17.3,0.285,0.662,0.472,0.159,0.512,0.548,101.6,99.97,83.31,8228,0.489,1,12,12,12,27,9,21,13,12,8,8,24,29,30,13,3,9,1,16
1610612745,Houston Rockets,82,52,30,0.634,3971.0,104.0,104.7,97.5,99.7,6.4,4.9,0.586,1.47,16.5,0.287,0.725,0.508,0.153,0.499,0.54,93.0,91.7,76.41,7598,0.529,1,5,5,5,14,15,3,5,14,9,16,23,1,9,8,15,17,21,7
1610612754,Indiana Pacers,82,35,47,0.427,3956.0,100.0,101.9,103.0,104.4,-3.0,-2.5,0.585,1.26,15.9,0.321,0.694,0.503,0.173,0.474,0.523,94.9,93.43,77.86,7697,0.485,1,19,19,19,26,30,9,20,15,24,21,8,16,12,27,29,28,10,21
1610612746,Los Angeles Clippers,82,40,42,0.488,3946.0,102.4,103.8,102.8,104.2,-0.4,-0.4,0.612,1.42,17.0,0.307,0.712,0.513,0.164,0.481,0.537,93.2,91.92,76.6,7554,0.509,1,16,16,16,30,22,8,15,6,16,13,16,9,8,17,24,20,18,11
1610612747,Los Angeles Lakers,82,42,40,0.512,4006.0,105.6,107.3,106.1,107.5,-0.5,-0.2,0.596,1.45,17.1,0.3,0.69,0.496,0.161,0.511,0.554,96.0,94.58,78.82,7898,0.499,1,12,12,12,1,7,25,12,13,11,11,19,19,18,16,4,5,7,15
1610612763,Memphis Grizzlies,82,22,60,0.268,3996.0,104.3,105.7,109.7,110.9,-5.4,-5.2,0.56,1.25,15.9,0.291,0.682,0.486,0.17,0.504,0.555,95.9,94.77,78.97,7883,0.462,1,30,30,30,5,12,30,30,22,25,22,22,22,24,25,9,4,6,27
1610612748,Miami Heat,82,44,38,0.537,3971.0,102.6,103.4,102.0,104.6,0.6,-1.2,0.576,1.4,16.6,0.279,0.693,0.493,0.16,0.506,0.541,92.1,90.61,75.51,7503,0.508,1,11,11,11,14,24,11,17,16,18,15,25,17,21,14,6,15,26,12
1610612749,Milwaukee Bucks,82,28,54,0.341,3971.0,104.0,106.0,109.1,110.3,-5.0,-4.3,0.567,1.43,16.7,0.306,0.657,0.479,0.161,0.504,0.541,94.8,93.33,77.78,7709,0.456,1,28,28,28,14,10,29,27,20,15,14,17,30,28,15,8,16,11,30
1610612750,Minnesota Timberwolves,82,32,50,0.39,4001.0,101.1,102.4,105.3,106.5,-4.2,-4.0,0.617,1.45,17.5,0.292,0.698,0.5,0.166,0.49,0.537,93.3,92.19,76.83,7689,0.487,1,24,24,24,4,25,20,26,5,13,5,21,13,15,20,20,19,17,18
1610612751,New Jersey Nets,82,41,41,0.5,3976.0,103.7,104.2,103.5,105.1,0.2,-0.9,0.674,1.62,18.5,0.275,0.714,0.496,0.158,0.504,0.546,93.6,92.69,77.24,7682,0.499,1,14,14,14,8,18,13,16,1,4,3,27,7,17,11,7,10,16,14
1610612740,New Orleans/Oklahoma City Hornets,82,39,43,0.476,3976.0,101.9,103.7,104.0,105.4,-2.2,-1.6,0.517,1.29,14.9,0.318,0.719,0.514,0.157,0.479,0.52,92.6,91.19,75.99,7551,0.485,1,18,18,18,8,23,14,19,30,23,29,11,4,6,10,28,30,23,22
1610612752,New York Knicks,82,33,49,0.402,4001.0,102.7,104.3,106.3,107.4,-3.6,-3.1,0.528,1.09,14.7,0.337,0.714,0.527,0.183,0.494,0.539,93.1,91.89,76.58,7661,0.471,1,21,21,21,2,17,24,22,28,30,30,2,8,2,29,16,18,19,25
1610612753,Orlando Magic,82,40,42,0.488,3956.0,102.0,104.1,101.7,103.3,0.4,0.8,0.53,1.1,15.1,0.333,0.697,0.519,0.186,0.5,0.544,92.2,90.54,75.45,7465,0.502,1,16,16,16,22,19,7,11,27,29,27,3,15,4,30,13,13,27,13
1610612755,Philadelphia 76ers,82,35,47,0.427,3976.0,101.0,102.4,103.9,105.6,-2.9,-3.2,0.569,1.33,16.1,0.306,0.678,0.493,0.165,0.48,0.53,93.2,91.84,76.53,7606,0.489,1,19,19,19,8,27,16,23,19,22,19,18,24,19,19,26,25,20,17
1610612756,Phoenix Suns,82,61,21,0.744,3981.0,111.4,112.9,103.4,105.5,8.0,7.4,0.626,1.78,19.3,0.262,0.683,0.484,0.149,0.551,0.59,98.1,96.45,80.37,8002,0.561,1,2,2,2,7,1,15,3,3,1,1,29,20,26,4,1,1,3,2
1610612757,Portland Trail Blazers,82,32,50,0.39,3991.0,101.7,103.8,107.3,108.6,-5.6,-4.8,0.526,1.22,15.0,0.326,0.697,0.507,0.166,0.483,0.53,90.8,89.36,74.47,7431,0.459,1,24,24,24,6,21,26,28,29,26,28,6,14,10,21,23,23,29,29
1610612758,Sacramento Kings,82,33,49,0.402,3961.0,103.6,105.1,105.2,106.7,-1.7,-1.6,0.566,1.39,15.8,0.267,0.692,0.477,0.151,0.491,0.545,97.2,95.83,79.86,7898,0.485,1,21,21,21,20,14,22,18,21,20,23,28,18,29,5,19,11,4,19
1610612759,San Antonio Spurs,82,58,24,0.707,3956.0,106.7,108.6,97.4,99.4,9.2,9.2,0.605,1.6,17.8,0.279,0.715,0.505,0.153,0.521,0.561,92.0,90.22,75.19,7440,0.569,1,3,3,3,22,5,2,1,8,5,4,26,6,11,7,2,2,28,1
1610612760,Seattle SuperSonics,82,31,51,0.378,3966.0,104.1,105.9,107.5,108.9,-3.4,-3.0,0.556,1.34,16.2,0.312,0.676,0.492,0.165,0.499,0.544,94.3,92.92,77.43,7674,0.474,1,26,26,26,18,11,27,21,23,21,18,12,27,22,18,14,12,13,23
1610612761,Toronto Raptors,82,47,35,0.573,3951.0,105.0,105.7,103.2,104.4,1.8,1.2,0.601,1.65,17.5,0.25,0.711,0.481,0.143,0.504,0.55,94.7,93.86,78.21,7719,0.514,1,9,9,9,27,13,10,10,11,3,6,30,10,27,2,10,7,9,10
1610612762,Utah Jazz,82,51,31,0.622,3961.0,106.7,108.6,104.7,105.6,2.0,3.0,0.659,1.58,18.5,0.352,0.721,0.534,0.167,0.502,0.551,94.1,92.81,77.34,7661,0.531,1,6,6,6,20,4,17,8,2,6,2,1,3,1,22,11,6,15,6
1610612764,Washington Wizards,82,41,41,0.5,3966.0,106.7,108.7,108.0,109.1,-1.3,-0.4,0.541,1.47,15.5,0.312,0.678,0.489,0.144,0.491,0.542,96.7,95.33,79.44,7870,0.485,1,14,14,14,19,3,28,14,26,10,25,13,23,23,3,18,14,5,20
